"N깵","듥","1","2","3","4","5","6","7","8","9","10","11","12","13","14","15","16","17"
#2021-04-01#,"뒞",,,,,,,,,,,,"놴^",,,,,
#2021-04-02#,"","놴^",,,"놴^",,,,,,,,,,,,,
#2021-04-03#,"늧",,,,,,,,,,,,,,,,,
#2021-04-04#,"",,,,,,,,,,,,,,,,,
#2021-04-05#,"깵",,,,,,,,,,,,,,"놴^","놴^",,
#2021-04-06#,"괉",,,,,"놴^","놴^",,,,,,,,,,,
#2021-04-07#,"낸",,,,,,,,,,"놴^","놴^",,,,,,
#2021-04-08#,"뒞",,,,,,,,,,,,,"놴^",,,,
#2021-04-09#,"",,"놴^",,,,,,,,,,,,,,,
#2021-04-10#,"늧",,,,,,,,,,,,,,,,,
#2021-04-11#,"",,,,,,,,,,,,,,,,,
#2021-04-12#,"깵",,,,,,,,,,,,,,,,"놴^",
#2021-04-13#,"괉",,,,,,,"놴^","놴^",,,,,,,,,
#2021-04-14#,"낸",,,"놴^",,,,,,"놴^",,,,,,,,"놴^"
#2021-04-15#,"뒞",,,,,,,,,,,,"놴^",,,,,
#2021-04-16#,"","놴^",,,"놴^",,,,,,,,,,,,,
#2021-04-17#,"늧",,,,,,,,,,,,,,,,,
#2021-04-18#,"",,,,,,,,,,,,,,,,,
#2021-04-19#,"깵",,,,,,,,,,,,,,"놴^","놴^",,
#2021-04-20#,"괉",,,,,"놴^","놴^",,,,,,,,,,,
#2021-04-21#,"낸",,,,,,,,,,"놴^","놴^",,,,,,
#2021-04-22#,"뒞",,,,,,,,,,,,,"놴^",,,,
#2021-04-23#,"",,"놴^",,,,,,,,,,,,,,,
#2021-04-24#,"늧",,,,,,,,,,,,,,,,,
#2021-04-25#,"",,,,,,,,,,,,,,,,,
#2021-04-26#,"깵",,,,,,,,,,,,,,,,"놴^",
#2021-04-27#,"괉",,,,,,,"놴^","놴^",,,,,,,,,
#2021-04-28#,"낸",,,"놴^",,,,,,"놴^",,,,,,,,"놴^"
#2021-04-29#,"뒞",,,,,,,,,,,,,,,,,
#2021-04-30#,"",,,,,,,,,,,,,,,,,
#2021-05-01#,"늧",,,,,,,,,,,,,,,,,
#2021-05-02#,"",,,,,,,,,,,,,,,,,
#2021-05-03#,"깵",,,,,,,,,,,,,,,,,
#2021-05-04#,"괉",,,,,,,,,,,,,,,,,
#2021-05-05#,"낸",,,,,,"놴^",,,,"놴^","놴^",,,"놴^",,,
#2021-05-06#,"뒞",,,,,,,,,,,,,,,,,
#2021-05-07#,"","놴^",,,"놴^",,,,,,,,,,,,,
#2021-05-08#,"늧",,,,,,,,,,,,,,,,,
#2021-05-09#,"",,,,,,,,,,,,,,,,,
#2021-05-10#,"깵",,,,,,,,,,,,"놴^",,,"놴^","놴^",
#2021-05-11#,"괉",,,,,"놴^",,"놴^","놴^",,,,,,,,,
#2021-05-12#,"낸",,,"놴^",,,,,,"놴^",,,,,,,,"놴^"
#2021-05-13#,"뒞",,,,,,,,,,,,,"놴^",,,,
#2021-05-14#,"",,"놴^",,,,,,,,,,,,,,,
#2021-05-15#,"늧",,,,,,,,,,,,,,,,,
#2021-05-16#,"",,,,,,,,,,,,,,,,,
#2021-05-17#,"깵",,,,,,,,,,,,,,"놴^","놴^",,
#2021-05-18#,"괉",,,,,"놴^","놴^",,,,,,,,,,,
#2021-05-19#,"낸",,,,,,,,,,"놴^","놴^",,,,,,
#2021-05-20#,"뒞",,,,,,,,,,,,"놴^",,,,,
#2021-05-21#,"","놴^",,,"놴^",,,,,,,,,,,,,
#2021-05-22#,"늧",,,,,,,,,,,,,,,,,
#2021-05-23#,"",,,,,,,,,,,,,,,,,
#2021-05-24#,"깵",,,,,,,,,,,,,,,,"놴^",
#2021-05-25#,"괉",,,,,,,"놴^","놴^",,,,,,,,,
#2021-05-26#,"낸",,,"놴^",,,,,,"놴^",,,,,,,,"놴^"
#2021-05-27#,"뒞",,,,,,,,,,,,,"놴^",,,,
#2021-05-28#,"",,"놴^",,,,,,,,,,,,,,,
#2021-05-29#,"늧",,,,,,,,,,,,,,,,,
#2021-05-30#,"",,,,,,,,,,,,,,,,,
#2021-05-31#,"깵",,,,,,,,,,,,,,,,,
#2021-06-01#,"괉",,,,,"놴^","놴^",,,,,,,,,,,
#2021-06-02#,"낸",,,,,,,,,,"놴^","놴^",,,,,,
#2021-06-03#,"뒞",,,,,,,,,,,,"놴^",,,,,
#2021-06-04#,"","놴^",,,"놴^",,,,,,,,,,,,,
#2021-06-05#,"늧",,,,,,,,,,,,,,,,,
#2021-06-06#,"",,,,,,,,,,,,,,,,,
#2021-06-07#,"깵",,,,,,,,,,,,,,"놴^","놴^",,
#2021-06-08#,"괉",,,,,,,"놴^","놴^",,,,,,,,,
#2021-06-09#,"낸",,,"놴^",,,,,,"놴^",,,,,,,,"놴^"
#2021-06-10#,"뒞",,,,,,,,,,,,,"놴^",,,,
#2021-06-11#,"",,"놴^",,,,,,,,,,,,,,,
#2021-06-12#,"늧",,,,,,,,,,,,,,,,,
#2021-06-13#,"",,,,,,,,,,,,,,,,,
#2021-06-14#,"깵",,,,,,,,,,,,,,,,"놴^",
#2021-06-15#,"괉",,,,,"놴^","놴^",,,,,,,,,,,
#2021-06-16#,"낸",,,,,,,,,,"놴^","놴^",,,,,,
#2021-06-17#,"뒞",,,,,,,,,,,,"놴^",,,,,
#2021-06-18#,"","놴^",,,"놴^",,,,,,,,,,,,,
#2021-06-19#,"늧",,,,,,,,,,,,,,,,,
#2021-06-20#,"",,,,,,,,,,,,,,,,,
#2021-06-21#,"깵",,,,,,,,,,,,,,"놴^","놴^",,
#2021-06-22#,"괉",,,,,,,"놴^","놴^",,,,,,,,,
#2021-06-23#,"낸",,,"놴^",,,,,,"놴^",,,,,,,,"놴^"
#2021-06-24#,"뒞",,,,,,,,,,,,,"놴^",,,,
#2021-06-25#,"",,"놴^",,,,,,,,,,,,,,,
#2021-06-26#,"늧",,,,,,,,,,,,,,,,,
#2021-06-27#,"",,,,,,,,,,,,,,,,,
#2021-06-28#,"깵",,,,,,,,,,,,,,,,"놴^",
#2021-06-29#,"괉",,,,,,,,,,,,,,,,,
#2021-06-30#,"낸",,,,,,,,,,,,,,,,,
#2021-07-01#,"뒞",,,,,,,,,,,,"놴^",,,,,
#2021-07-02#,"","놴^",,,"놴^",,,,,,,,,,,,,
#2021-07-03#,"늧",,,,,,,,,,,,,,,,,
#2021-07-04#,"",,,,,,,,,,,,,,,,,
#2021-07-05#,"깵",,,,,,,,,,,,,,"놴^","놴^",,
#2021-07-06#,"괉",,,,,"놴^","놴^",,,,,,,,,,,
#2021-07-07#,"낸",,,,,,,,,,"놴^","놴^",,,,,,
#2021-07-08#,"뒞",,,,,,,,,,,,,"놴^",,,,
#2021-07-09#,"",,"놴^",,,,,,,,,,,,,,,
#2021-07-10#,"늧",,,,,,,,,,,,,,,,,
#2021-07-11#,"",,,,,,,,,,,,,,,,,
#2021-07-12#,"깵",,,,,,,,,,,,,,,,"놴^",
#2021-07-13#,"괉",,,,,,,"놴^","놴^",,,,,,,,,
#2021-07-14#,"낸",,,"놴^",,,,,,"놴^",,,,,,,,"놴^"
#2021-07-15#,"뒞",,,,,,,,,,,,"놴^",,,,,
#2021-07-16#,"","놴^",,,"놴^",,,,,,,,,,,,,
#2021-07-17#,"늧",,,,,,,,,,,,,,,,,
#2021-07-18#,"",,,,,,,,,,,,,,,,,
#2021-07-19#,"깵",,,,,,,,,,,,,,"놴^","놴^",,
#2021-07-20#,"괉",,"놴^",,,"놴^","놴^",,,,,,,,,,,
#2021-07-21#,"낸",,,,,,,,,,"놴^","놴^",,,,,,
#2021-07-22#,"뒞",,,,,,,,,,,,,"놴^",,,,
#2021-07-23#,"",,,,,,,,,,,,,,,,,
#2021-07-24#,"늧",,,,,,,,,,,,,,,,,
#2021-07-25#,"",,,,,,,,,,,,,,,,,
#2021-07-26#,"깵",,,,,,,,,,,,,,,,"놴^",
#2021-07-27#,"괉",,,,,,,"놴^","놴^",,,,,,,,,
#2021-07-28#,"낸",,,"놴^",,,,,,"놴^",,,,,,,,"놴^"
#2021-07-29#,"뒞",,,,,,,,,,,,,,,,,
#2021-07-30#,"",,,,,,,,,,,,,,,,,
#2021-07-31#,"늧",,,,,,,,,,,,,,,,,
#2021-08-01#,"",,,,,,,,,,,,,,,,,
#2021-08-02#,"깵",,,,,,,,,,,,,,"놴^","놴^",,
#2021-08-03#,"괉",,"놴^",,,"놴^","놴^",,,,,,,,,,,
#2021-08-04#,"낸",,,,,,,,,"놴^","놴^","놴^",,,,,,
#2021-08-05#,"뒞",,,,,,,,,,,,"놴^",,,,,"놴^"
#2021-08-06#,"","놴^",,,"놴^",,,,,,,,,,,,,
#2021-08-07#,"늧",,,,,,,,,,,,,,,,,
#2021-08-08#,"",,,,,,,,,,,,,,,,,
#2021-08-09#,"깵",,,,,,,,,,,,,"놴^",,,"놴^",
#2021-08-10#,"괉",,,"놴^",,,,"놴^","놴^",,,,,,,,,
#2021-08-11#,"낸",,,,,,,,,,,,,,,,,
#2021-08-12#,"뒞",,,,,,,,,,,,,,,,,
#2021-08-13#,"",,,,,,,,,,,,,,,,,
#2021-08-14#,"늧",,,,,,,,,,,,,,,,,
#2021-08-15#,"",,,,,,,,,,,,,,,,,
#2021-08-16#,"깵",,,,,,,,,,,,,,,,,
#2021-08-17#,"괉",,,,,"놴^","놴^",,,,,,,,,,,
#2021-08-18#,"낸",,,,,,,,,,"놴^","놴^",,,"놴^",,,
#2021-08-19#,"뒞",,,,,,,,,,,,"놴^",,,"놴^",,
#2021-08-20#,"","놴^",,,"놴^",,,,,,,,,,,,,
#2021-08-21#,"늧",,,,,,,,,,,,,,,,,
#2021-08-22#,"",,,,,,,,,,,,,,,,,
#2021-08-23#,"깵",,,,,,,,,,,,,,,,"놴^",
#2021-08-24#,"괉",,,,,,,"놴^","놴^",,,,,,,,,
#2021-08-25#,"낸",,,"놴^",,,,,,"놴^",,,,,,,,"놴^"
#2021-08-26#,"뒞",,,,,,,,,,,,,"놴^",,,,
#2021-08-27#,"",,"놴^",,,,,,,,,,,,,,,
#2021-08-28#,"늧",,,,,,,,,,,,,,,,,
#2021-08-29#,"",,,,,,,,,,,,,,,,,
#2021-08-30#,"깵",,,,,,,,,,,,,,,,,
#2021-08-31#,"괉",,,,,,,,,,,,,,,,,
#2021-09-01#,"낸",,,,,,,,,,"놴^","놴^",,,,,,
#2021-09-02#,"뒞",,,,,,,,,,,,"놴^",,,,,
#2021-09-03#,"","놴^",,,"놴^",,,,,,,,,,,,,
#2021-09-04#,"늧",,,,,,,,,,,,,,,,,
#2021-09-05#,"",,,,,,,,,,,,,,,,,
#2021-09-06#,"깵",,,,,,,,,,,,,,"놴^","놴^",,
#2021-09-07#,"괉",,,,,"놴^","놴^",,,,,,,,,,,
#2021-09-08#,"낸",,,"놴^",,,,,,"놴^",,,,,,,,"놴^"
#2021-09-09#,"뒞",,,,,,,,,,,,,"놴^",,,,
#2021-09-10#,"",,"놴^",,,,,,,,,,,,,,,
#2021-09-11#,"늧",,,,,,,,,,,,,,,,,
#2021-09-12#,"",,,,,,,,,,,,,,,,,
#2021-09-13#,"깵",,,,,,,,,,,,,,,,"놴^",
#2021-09-14#,"괉",,,,,,,"놴^","놴^",,,,,,,,,
#2021-09-15#,"낸",,,,,,,,,,"놴^","놴^",,,,,,
#2021-09-16#,"뒞",,,,,,,,,,,,"놴^",,,,,
#2021-09-17#,"","놴^",,,"놴^",,,,,,,,,,,,,
#2021-09-18#,"늧",,,,,,,,,,,,,,,,,
#2021-09-19#,"",,,,,,,,,,,,,,,,,
#2021-09-20#,"깵",,,,,,,,,,,,,,"놴^","놴^",,
#2021-09-21#,"괉",,,,,"놴^","놴^",,,,,,,,,,,
#2021-09-22#,"낸",,,"놴^",,,,,,"놴^",,,,,,,,"놴^"
#2021-09-23#,"뒞",,,,,,,,,,,,,"놴^",,,,
#2021-09-24#,"",,"놴^",,,,,,,,,,,,,,,
#2021-09-25#,"늧",,,,,,,,,,,,,,,,,
#2021-09-26#,"",,,,,,,,,,,,,,,,,
#2021-09-27#,"깵",,,,,,,,,,,,,,,,"놴^",
#2021-09-28#,"괉",,,,,,,"놴^","놴^",,,,,,,,,
#2021-09-29#,"낸",,,,,,,,,,,,,,,,,
#2021-09-30#,"뒞",,,,,,,,,,,,,,,,,
#2021-10-01#,"","놴^",,,"놴^",,,,,,,,,,,,,
#2021-10-02#,"늧",,,,,,,,,,,,,,,,,
#2021-10-03#,"",,,,,,,,,,,,,,,,,
#2021-10-04#,"깵",,,,,,,,,,,,,,"놴^","놴^",,
#2021-10-05#,"괉",,,,,"놴^","놴^",,,,,,,,,,,
#2021-10-06#,"낸",,,,,,,,,,"놴^","놴^",,,,,,
#2021-10-07#,"뒞",,,,,,,,,,,,"놴^",,,,,
#2021-10-08#,"",,"놴^",,,,,,,,,,,,,,,
#2021-10-09#,"늧",,,,,,,,,,,,,,,,,
#2021-10-10#,"",,,,,,,,,,,,,,,,,
#2021-10-11#,"깵",,,,,,,,,,,,,,,,"놴^",
#2021-10-12#,"괉",,,,,,,"놴^","놴^",,,,,,,,,
#2021-10-13#,"낸",,,"놴^",,,,,,"놴^",,,,,,,,"놴^"
#2021-10-14#,"뒞",,,,,,,,,,,,,"놴^",,,,
#2021-10-15#,"","놴^",,,"놴^",,,,,,,,,,,,,
#2021-10-16#,"늧",,,,,,,,,,,,,,,,,
#2021-10-17#,"",,,,,,,,,,,,,,,,,
#2021-10-18#,"깵",,,,,,,,,,,,,,"놴^","놴^",,
#2021-10-19#,"괉",,,,,"놴^","놴^",,,,,,,,,,,
#2021-10-20#,"낸",,,,,,,,,,"놴^","놴^",,,,,,
#2021-10-21#,"뒞",,,,,,,,,,,,"놴^",,,,,
#2021-10-22#,"",,"놴^",,,,,,,,,,,,,,,
#2021-10-23#,"늧",,,,,,,,,,,,,,,,,
#2021-10-24#,"",,,,,,,,,,,,,,,,,
#2021-10-25#,"깵",,,,,,,,,,,,,,,,"놴^",
#2021-10-26#,"괉",,,,,,,"놴^","놴^",,,,,,,,,
#2021-10-27#,"낸",,,"놴^",,,,,,"놴^",,,,,,,,"놴^"
#2021-10-28#,"뒞",,,,,,,,,,,,,"놴^",,,,
#2021-10-29#,"",,,,,,,,,,,,,,,,,
#2021-10-30#,"늧",,,,,,,,,,,,,,,,,
#2021-10-31#,"",,,,,,,,,,,,,,,,,
#2021-11-01#,"깵",,,,,,,,,,,,,,"놴^","놴^",,
#2021-11-02#,"괉",,,,,"놴^","놴^",,,,,,,,,,,
#2021-11-03#,"낸",,,,,,,,,,"놴^","놴^",,,,,,
#2021-11-04#,"뒞",,,,,,,,,,,,"놴^",,,,,
#2021-11-05#,"","놴^",,,"놴^",,,,,,,,,,,,,
#2021-11-06#,"늧",,,,,,,,,,,,,,,,,
#2021-11-07#,"",,,,,,,,,,,,,,,,,
#2021-11-08#,"깵",,,,,,,,,,,,,,,,"놴^",
#2021-11-09#,"괉",,,,,,,"놴^","놴^",,,,,,,,,
#2021-11-10#,"낸",,,"놴^",,,,,,"놴^",,,,,,,,"놴^"
#2021-11-11#,"뒞",,,,,,,,,,,,,"놴^",,,,
#2021-11-12#,"",,"놴^",,,,,,,,,,,,,,,
#2021-11-13#,"늧",,,,,,,,,,,,,,,,,
#2021-11-14#,"",,,,,,,,,,,,,,,,,
#2021-11-15#,"깵",,,,,,,,,,,,,,"놴^","놴^",,
#2021-11-16#,"괉",,,,,"놴^","놴^",,,,,,,,,,,
#2021-11-17#,"낸",,,,,,,,,,"놴^","놴^",,,,,,
#2021-11-18#,"뒞",,,,,,,,,,,,"놴^",,,,,
#2021-11-19#,"","놴^",,,"놴^",,,,,,,,,,,,,
#2021-11-20#,"늧",,,,,,,,,,,,,,,,,
#2021-11-21#,"",,,,,,,,,,,,,,,,,
#2021-11-22#,"깵",,,,,,,,,,,,,,,,,
#2021-11-23#,"괉",,,,,,,"놴^","놴^",,,,,,,,,
#2021-11-24#,"낸",,,"놴^",,,,,,"놴^",,,,,,,,"놴^"
#2021-11-25#,"뒞",,,,,,,,,,,,,"놴^",,,"놴^",
#2021-11-26#,"",,"놴^",,,,,,,,,,,,,,,
#2021-11-27#,"늧",,,,,,,,,,,,,,,,,
#2021-11-28#,"",,,,,,,,,,,,,,,,,
#2021-11-29#,"깵",,,,,,,,,,,,,,,,,
#2021-11-30#,"괉",,,,,,,,,,,,,,,,,
#2021-12-01#,"낸",,,,,,,,,,"놴^","놴^",,,,,,
#2021-12-02#,"뒞",,,,,,,,,,,,"놴^",,,,,
#2021-12-03#,"","놴^",,,"놴^",,,,,,,,,,,,,
#2021-12-04#,"늧",,,,,,,,,,,,,,,,,
#2021-12-05#,"",,,,,,,,,,,,,,,,,
#2021-12-06#,"깵",,,,,,,,,,,,,,"놴^","놴^",,
#2021-12-07#,"괉",,,,,"놴^","놴^",,,,,,,,,,,
#2021-12-08#,"낸",,,"놴^",,,,,,"놴^",,,,,,,,"놴^"
#2021-12-09#,"뒞",,,,,,,,,,,,,"놴^",,,,
#2021-12-10#,"",,"놴^",,,,,,,,,,,,,,,
#2021-12-11#,"늧",,,,,,,,,,,,,,,,,
#2021-12-12#,"",,,,,,,,,,,,,,,,,
#2021-12-13#,"깵",,,,,,,,,,,,,,,,"놴^",
#2021-12-14#,"괉",,,,,,,"놴^","놴^",,,,,,,,,
#2021-12-15#,"낸",,,,,,,,,,"놴^","놴^",,,,,,
#2021-12-16#,"뒞",,,,,,,,,,,,"놴^",,,"놴^",,
#2021-12-17#,"","놴^",,,"놴^",,,,,,,,,,,,,
#2021-12-18#,"늧",,,,,,,,,,,,,,,,,
#2021-12-19#,"",,,,,,,,,,,,,,,,,
#2021-12-20#,"깵",,,,,,,,,,,,,,,,,
#2021-12-21#,"괉",,"놴^",,,"놴^","놴^",,,,,,,,,,,
#2021-12-22#,"낸",,,"놴^",,,,,,"놴^",,,,,,,,"놴^"
#2021-12-23#,"뒞",,,,,,,,,,,,,"놴^",,,"놴^",
#2021-12-24#,"",,,,,,,,,,,,,,,,,
#2021-12-25#,"늧",,,,,,,,,,,,,,,,,
#2021-12-26#,"",,,,,,,,,,,,,,,,,
#2021-12-27#,"깵",,,,,,,,,,,,,,,,,
#2021-12-28#,"괉",,,,,,,"놴^","놴^",,,,,,,,,
#2021-12-29#,"낸",,,,,,,,,,,,,,"놴^",,,
#2021-12-30#,"뒞",,,,,,,,,,,,,,,,,
#2021-12-31#,"",,,,,,,,,,,,,,,,,
#2022-01-01#,"늧",,,,,,,,,,,,,,,,,
#2022-01-02#,"",,,,,,,,,,,,,,,,,
#2022-01-03#,"깵",,,,,,,,,,,,,,,,,
#2022-01-04#,"괉",,,,,,,,,,,,,,,,,
#2022-01-05#,"낸",,,,,,"놴^",,,,"놴^","놴^",,,,,,
#2022-01-06#,"뒞",,,,,,,,,,,,"놴^",,,"놴^",,
#2022-01-07#,"","놴^",,,"놴^",,,,,,,,,,,,,
#2022-01-08#,"늧",,,,,,,,,,,,,,,,,
#2022-01-09#,"",,,,,,,,,,,,,,,,,
#2022-01-10#,"깵",,,,,,,,,,,,,,"놴^",,"놴^",
#2022-01-11#,"괉",,,,,"놴^",,"놴^","놴^",,,,,,,,,
#2022-01-12#,"낸",,,"놴^",,,,,,"놴^",,,,,,,,"놴^"
#2022-01-13#,"뒞",,,,,,,,,,,,,"놴^",,,,
#2022-01-14#,"",,"놴^",,,,,,,,,,,,,,,
#2022-01-15#,"늧",,,,,,,,,,,,,,,,,
#2022-01-16#,"",,,,,,,,,,,,,,,,,
#2022-01-17#,"깵",,,,,,,,,,,,,,"놴^","놴^",,
#2022-01-18#,"괉",,,,,"놴^","놴^",,,,,,,,,,,
#2022-01-19#,"낸",,,,,,,,,,"놴^","놴^",,,,,,
#2022-01-20#,"뒞",,,,,,,,,,,,"놴^",,,,,
#2022-01-21#,"","놴^",,,"놴^",,,,,,,,,,,,,
#2022-01-22#,"늧",,,,,,,,,,,,,,,,,
#2022-01-23#,"",,,,,,,,,,,,,,,,,
#2022-01-24#,"깵",,,,,,,,,,,,,,,,"놴^",
#2022-01-25#,"괉",,,,,,,"놴^","놴^",,,,,,,,,
#2022-01-26#,"낸",,,"놴^",,,,,,"놴^",,,,,,,,"놴^"
#2022-01-27#,"뒞",,,,,,,,,,,,,"놴^",,,,
#2022-01-28#,"",,"놴^",,,,,,,,,,,,,,,
#2022-01-29#,"늧",,,,,,,,,,,,,,,,,
#2022-01-30#,"",,,,,,,,,,,,,,,,,
#2022-01-31#,"깵",,,,,,,,,,,,,,,,,
#2022-02-01#,"괉",,,,,"놴^","놴^",,,,,,,,,,,
#2022-02-02#,"낸",,,,,,,,,,"놴^","놴^",,,,,,
#2022-02-03#,"뒞",,,,,,,,,,,,"놴^",,,,,
#2022-02-04#,"","놴^",,,"놴^",,,,,,,,,,,,,
#2022-02-05#,"늧",,,,,,,,,,,,,,,,,
#2022-02-06#,"",,,,,,,,,,,,,,,,,
#2022-02-07#,"깵",,,,,,,,,,,,,,"놴^","놴^",,
#2022-02-08#,"괉",,,,,,,"놴^","놴^",,,,,,,,,
#2022-02-09#,"낸",,,"놴^",,,,,,"놴^",,,,,,,,"놴^"
#2022-02-10#,"뒞",,,,,,,,,,,,,"놴^",,,,
#2022-02-11#,"",,"놴^",,,,,,,,,,,,,,,
#2022-02-12#,"늧",,,,,,,,,,,,,,,,,
#2022-02-13#,"",,,,,,,,,,,,,,,,,
#2022-02-14#,"깵",,,,,,,,,,,,,,,,"놴^",
#2022-02-15#,"괉",,,,,"놴^","놴^",,,,,,,,,,,
#2022-02-16#,"낸",,,,,,,,,,"놴^","놴^",,,,,,
#2022-02-17#,"뒞",,,,,,,,,,,,"놴^",,,,,"놴^"
#2022-02-18#,"","놴^",,,"놴^",,,,,,,,,,,,,
#2022-02-19#,"늧",,,,,,,,,,,,,,,,,
#2022-02-20#,"",,,,,,,,,,,,,,,,,
#2022-02-21#,"깵",,,,,,,,,,,,,,"놴^","놴^",,
#2022-02-22#,"괉",,,"놴^",,,,"놴^","놴^",,,,,,,,,
#2022-02-23#,"낸",,,,,,,,,,,,,,,,,
#2022-02-24#,"뒞",,,,,,,,,,,,,"놴^",,,,
#2022-02-25#,"",,"놴^",,,,,,,"놴^",,,,,,,,
#2022-02-26#,"늧",,,,,,,,,,,,,,,,,
#2022-02-27#,"",,,,,,,,,,,,,,,,,
#2022-02-28#,"깵",,,,,,,,,,,,,,,,"놴^",
#2022-03-01#,"괉",,,,,"놴^","놴^",,,,,,,,,,,
#2022-03-02#,"낸",,,,,,,,,,"놴^","놴^",,,,,,
#2022-03-03#,"뒞",,,,,,,,,,,,"놴^",,,,,
#2022-03-04#,"","놴^",,,"놴^",,,,,,,,,,,,,
#2022-03-05#,"늧",,,,,,,,,,,,,,,,,
#2022-03-06#,"",,,,,,,,,,,,,,,,,
#2022-03-07#,"깵",,,,,,,,,,,,,,"놴^","놴^",,
#2022-03-08#,"괉",,,,,,,"놴^","놴^",,,,,,,,,
#2022-03-09#,"낸",,,"놴^",,,,,,"놴^",,,,,,,,"놴^"
#2022-03-10#,"뒞",,,,,,,,,,,,,"놴^",,,,
#2022-03-11#,"",,"놴^",,,,,,,,,,,,,,,
#2022-03-12#,"늧",,,,,,,,,,,,,,,,,
#2022-03-13#,"",,,,,,,,,,,,,,,,,
#2022-03-14#,"깵",,,,,,,,,,,,,,,,"놴^",
#2022-03-15#,"괉",,,,,"놴^","놴^",,,,,,,,,,,
#2022-03-16#,"낸",,,,,,,,,,"놴^","놴^",,,,,,
#2022-03-17#,"뒞",,,,,,,,,,,,"놴^",,,,,
#2022-03-18#,"","놴^",,,"놴^",,,,,,,,,,,,,
#2022-03-19#,"늧",,,,,,,,,,,,,,,,,
#2022-03-20#,"",,,,,,,,,,,,,,,,,
#2022-03-21#,"깵",,,,,,,,,,,,,,"놴^","놴^",,
#2022-03-22#,"괉",,,,,,,"놴^","놴^",,,,,,,,,
#2022-03-23#,"낸",,,"놴^",,,,,,"놴^",,,,,,,,"놴^"
#2022-03-24#,"뒞",,,,,,,,,,,,,"놴^",,,,
#2022-03-25#,"",,"놴^",,,,,,,,,,,,,,,
#2022-03-26#,"늧",,,,,,,,,,,,,,,,,
#2022-03-27#,"",,,,,,,,,,,,,,,,,
#2022-03-28#,"깵",,,,,,,,,,,,,,,,"놴^",
#2022-03-29#,"괉",,,,,,,,,,,,,,,,,
#2022-03-30#,"낸",,,,,,,,,,,,,,,,,
#2022-03-31#,"뒞",,,,,,,,,,,,,,,,,
